b_A,mu,c,init_pop_size,extinction,rescue,mean_fraction,mean_rescue_time,var_fraction,var_rescue_time
0.11,0.0,0.0003,10.0,972.0,28.0,1.0,13.09686151355766,0.0,84.9573034455594
0.11,0.0,0.0003,100.0,983.0,17.0,1.0,13.090494821124926,0.0,86.09440137146048
0.11,0.0,0.0003,1000.0,996.0,4.0,1.0,14.192862690010358,0.0,92.52546880890421
0.11,0.0,0.0001,10.0,926.0,74.0,1.0,42.89668463165853,0.0,677.4934449548513
0.11,0.0,0.0001,100.0,945.0,55.0,1.0,39.575854520394195,0.0,631.4200062680598
0.11,0.0,0.0001,1000.0,988.0,12.0,1.0,42.17376861566188,0.0,505.03418245907477
0.11,0.0,0.003,10.0,1000.0,0.0,0.0,0.487712200470296,0.0,0.2463956621520927
0.11,0.0,0.003,100.0,1000.0,0.0,0.0,0.021725972844954786,0.0,0.0004559052976430809
0.11,0.0,0.003,1000.0,1000.0,0.0,0.0,0.0003100666556954346,0.0,9.74336127448666e-08
0.11,0.0,0.001,10.0,1000.0,0.0,0.0,0.5341675839281548,0.0,0.29136005459522496
0.11,0.0,0.001,100.0,1000.0,0.0,0.0,0.03662140970978484,0.0,0.0013475118388536242
0.11,0.0,0.001,1000.0,1000.0,0.0,0.0,0.0008478576377970333,0.0,6.679148159171855e-07
0.11,1e-05,0.0003,10.0,980.0,20.0,1.0,14.257886841291224,0.0,98.60009031575342
0.11,1e-05,0.0003,100.0,991.0,9.0,1.0,13.11075874351068,0.0,102.81766545852766
0.11,1e-05,0.0003,1000.0,996.0,4.0,1.0,13.165917940033278,0.0,116.93025125944477
0.11,1e-05,0.0001,10.0,903.0,97.0,1.0,42.29954597553733,0.0,633.7194128291477
0.11,1e-05,0.0001,100.0,958.0,42.0,1.0,43.51527757721233,0.0,712.5758587974841
0.11,1e-05,0.0001,1000.0,982.0,18.0,1.0,56.94557311644433,0.0,1272.8983686333488
0.11,1e-05,0.003,10.0,1000.0,0.0,0.0,0.4839551639116392,0.0,0.25687901778712247
0.11,1e-05,0.003,100.0,1000.0,0.0,0.0,0.02157042322369316,0.0,0.000446663323149448
0.11,1e-05,0.003,1000.0,1000.0,0.0,0.0,0.00030591354252887474,0.0,8.955816019681828e-08
0.11,1e-05,0.001,10.0,1000.0,0.0,0.0,0.5768324634849376,0.0,0.3751827428759682
0.11,1e-05,0.001,100.0,1000.0,0.0,0.0,0.036806469203779564,0.0,0.0012365444643198007
0.11,1e-05,0.001,1000.0,1000.0,0.0,0.0,0.0008582308681017029,0.0,7.42136039966804e-07
0.11,0.0001,0.0003,10.0,979.0,21.0,1.0,14.276098616672849,0.0,132.82866836033892
0.11,0.0001,0.0003,100.0,982.0,18.0,1.0,15.169031363113634,0.0,154.07600217846974
0.11,0.0001,0.0003,1000.0,999.0,1.0,1.0,14.17956745337829,0.0,165.78571530143702
0.11,0.0001,0.0001,10.0,915.0,85.0,0.9999122036874452,41.38171397086674,6.474881698515672e-07,584.2059083827547
0.11,0.0001,0.0001,100.0,950.0,50.0,1.0,43.53345937540992,0.0,699.9561403857442
0.11,0.0001,0.0001,1000.0,974.0,26.0,1.0,50.8475981254586,0.0,1102.7438585607288
0.11,0.0001,0.003,10.0,1000.0,0.0,0.0,0.46227343328265064,0.0,0.22439264423693822
0.11,0.0001,0.003,100.0,1000.0,0.0,0.0,0.019653429153566597,0.0,0.0003877917396864685
0.11,0.0001,0.003,1000.0,1000.0,0.0,0.0,0.00031738526981630455,0.0,1.0806156055677304e-07
0.11,0.0001,0.001,10.0,1000.0,0.0,0.0,0.5339607347095676,0.0,0.2868630476214612
0.11,0.0001,0.001,100.0,1000.0,0.0,0.0,0.03671596746765041,0.0,0.001292217158465693
0.11,0.0001,0.001,1000.0,1000.0,0.0,0.0,0.0008497399989190076,0.0,7.274213363078752e-07
0.11,0.001,0.0003,10.0,974.0,26.0,0.9954790823211875,14.914447267546812,0.00037601464993325184,123.52997612611182
0.11,0.001,0.0003,100.0,980.0,20.0,0.9915849673202615,16.661134789679686,0.0009369459929941466,269.5770147806274
0.11,0.001,0.0003,1000.0,994.0,6.0,1.0,25.42385535267691,0.0,719.041240241601
0.11,0.001,0.0001,10.0,925.0,75.0,0.9965376715524527,44.84370215547114,0.00016409318042879086,728.8542894691151
0.11,0.001,0.0001,100.0,930.0,70.0,0.9966505173403035,50.36632975453749,0.00011721043928816605,1169.852237445161
0.11,0.001,0.0001,1000.0,919.0,81.0,0.9991133918673074,58.17279273438591,2.1940193689403332e-05,1188.198923084649
0.11,0.001,0.003,10.0,1000.0,0.0,0.0,0.48493572865811313,0.0,0.27308191853449876
0.11,0.001,0.003,100.0,1000.0,0.0,0.0,0.04374737394043116,0.0,0.4578126765314252
0.11,0.001,0.003,1000.0,1000.0,0.0,0.0,0.00030991230522647536,0.0,9.877054314970597e-08
0.11,0.001,0.001,10.0,1000.0,0.0,0.0,0.6140530483028697,0.0,5.455491646660727
0.11,0.001,0.001,100.0,1000.0,0.0,0.0,0.03685650883796596,0.0,0.001220920813591687
0.11,0.001,0.001,1000.0,1000.0,0.0,0.0,0.0008499334247964388,0.0,8.66976130120473e-07
0.12,0.0,0.0003,10.0,873.0,127.0,1.0,27.412432322937256,0.0,276.4041701047481
0.12,0.0,0.0003,100.0,926.0,74.0,1.0,28.662389252367106,0.0,344.40988025108504
0.12,0.0,0.0003,1000.0,985.0,15.0,1.0,33.196510027139475,0.0,401.207110325546
0.12,0.0,0.0001,10.0,831.0,169.0,1.0,73.90756333862026,0.0,1454.8293519792942
0.12,0.0,0.0001,100.0,872.0,128.0,1.0,74.96808413373435,0.0,2079.343698130514
0.12,0.0,0.0001,1000.0,960.0,40.0,1.0,76.54429011247714,0.0,1671.7058727203687
0.12,0.0,0.003,10.0,1000.0,0.0,0.0,0.48265678908857573,0.0,0.2368633387421628
0.12,0.0,0.003,100.0,1000.0,0.0,0.0,0.020106123676458313,0.0,0.0003944901368488543
0.12,0.0,0.003,1000.0,1000.0,0.0,0.0,0.00032098806420664784,0.0,1.0247108747482857e-07
0.12,0.0,0.001,10.0,989.0,11.0,1.0,4.593275126427738,0.0,19.415529003915697
0.12,0.0,0.001,100.0,997.0,3.0,1.0,3.366401630359815,0.0,13.406383195706757
0.12,0.0,0.001,1000.0,1000.0,0.0,0.0,2.1381725014323445,0.0,7.323099998592658
0.12,1e-05,0.0003,10.0,871.0,129.0,1.0,28.052070560577423,0.0,354.6406717361453
0.12,1e-05,0.0003,100.0,910.0,90.0,1.0,28.850674172469358,0.0,350.8881083435602
0.12,1e-05,0.0003,1000.0,981.0,19.0,1.0,23.814133925656147,0.0,273.64277660165436
0.12,1e-05,0.0001,10.0,846.0,154.0,0.9998806678381054,76.69939907063893,7.977434041656747e-07,2059.4921933906107
0.12,1e-05,0.0001,100.0,851.0,149.0,1.0,72.42720289076988,0.0,1325.8570484060258
0.12,1e-05,0.0001,1000.0,947.0,53.0,1.0,85.54029098491051,0.0,1786.6462234935027
0.12,1e-05,0.003,10.0,1000.0,0.0,0.0,0.48599195628361513,0.0,0.23137330271858655
0.12,1e-05,0.003,100.0,1000.0,0.0,0.0,0.01994684981702047,0.0,0.0003830231288226154
0.12,1e-05,0.003,1000.0,1000.0,0.0,0.0,0.00030569804406169876,0.0,9.621424120487814e-08
0.12,1e-05,0.001,10.0,987.0,13.0,1.0,4.520247457537761,0.0,22.288643287477814
0.12,1e-05,0.001,100.0,992.0,8.0,1.0,3.511906783886862,0.0,12.59353163602988
0.12,1e-05,0.001,1000.0,1000.0,0.0,0.0,2.3332048005745456,0.0,10.407895453761293
0.12,0.0001,0.0003,10.0,874.0,126.0,0.9988505747126436,26.105128607771604,0.00014082085029369995,307.5466363929402
0.12,0.0001,0.0003,100.0,907.0,93.0,1.0,25.853455704855843,0.0,323.3451383955678
0.12,0.0001,0.0003,1000.0,971.0,29.0,1.0,26.25751461903504,0.0,190.58041535133634
0.12,0.0001,0.0001,10.0,854.0,146.0,0.9996714158655521,72.20089729090924,3.947848678299367e-06,1520.815720076461
0.12,0.0001,0.0001,100.0,866.0,134.0,0.9998083462689584,81.16523452511805,2.1628222022886707e-06,1662.7094163571137
0.12,0.0001,0.0001,1000.0,933.0,67.0,0.9997545688083609,96.6978260028581,1.5580163344785257e-06,1775.316968676961
0.12,0.0001,0.003,10.0,1000.0,0.0,0.0,0.4748028663326865,0.0,0.26225796254432343
0.12,0.0001,0.003,100.0,1000.0,0.0,0.0,0.021640515430134455,0.0,0.0004617988716208451
0.12,0.0001,0.003,1000.0,1000.0,0.0,0.0,0.00032985225275511615,0.0,9.753792290954398e-08
0.12,0.0001,0.001,10.0,986.0,14.0,1.0,4.4120498180432195,0.0,17.496898241704727
0.12,0.0001,0.001,100.0,997.0,3.0,1.0,4.153844006009998,0.0,56.3465076525823
0.12,0.0001,0.001,1000.0,1000.0,0.0,0.0,3.0347979143795363,0.0,54.686740973182935
0.12,0.001,0.0003,10.0,876.0,124.0,0.9963071073240382,26.824251489109574,0.00033907412582839314,322.633248382645
0.12,0.001,0.0003,100.0,912.0,88.0,0.9972550518842547,28.215445083918247,0.0001002974495583628,452.871932513049
0.12,0.001,0.0003,1000.0,952.0,48.0,0.9944156440580798,39.33587044323891,0.00017846853261660684,643.99848675524
0.12,0.001,0.0001,10.0,844.0,156.0,0.9965144032735781,71.49767245971321,5.876570045913974e-05,1602.9576080651507
0.12,0.001,0.0001,100.0,825.0,175.0,0.9968610267985205,82.4586450547036,5.3509424605378234e-05,2220.609554613639
0.12,0.001,0.0001,1000.0,850.0,150.0,0.9974554188169463,96.04575664673855,3.804154976753682e-05,2081.986311363614
0.12,0.001,0.003,10.0,1000.0,0.0,0.0,0.512561779118054,0.0,0.27809671085700916
0.12,0.001,0.003,100.0,1000.0,0.0,0.0,0.02095679893960879,0.0,0.00042312871044383624
0.12,0.001,0.003,1000.0,1000.0,0.0,0.0,0.00033014591100357613,0.0,1.0652258823647365e-07
0.12,0.001,0.001,10.0,990.0,10.0,1.0,4.9827741368985805,0.0,62.377588004268624
0.12,0.001,0.001,100.0,995.0,5.0,0.9619047619047618,6.254199435261331,0.005804988662131518,196.0155189174771
0.12,0.001,0.001,1000.0,999.0,1.0,1.0,7.012957432302814,0.0,351.0073947592608
0.15,0.0,0.0003,10.0,681.0,319.0,1.0,43.90593500446765,0.0,452.25346043148824
0.15,0.0,0.0003,100.0,790.0,210.0,1.0,48.489068535391205,0.0,497.3287524994608
0.15,0.0,0.0003,1000.0,933.0,67.0,1.0,54.40407400763678,0.0,478.9568045039588
0.15,0.0,0.0001,10.0,644.0,356.0,1.0,68.42273741311887,0.0,567.2878931561899
0.15,0.0,0.0001,100.0,720.0,280.0,1.0,73.07494733728447,0.0,661.2981101485475
0.15,0.0,0.0001,1000.0,838.0,162.0,1.0,79.12165396253492,0.0,658.7592059343153
0.15,0.0,0.003,10.0,955.0,45.0,1.0,3.819057925300125,0.0,14.620394136475328
0.15,0.0,0.003,100.0,989.0,11.0,1.0,2.748732735702069,0.0,9.024895227776161
0.15,0.0,0.003,1000.0,999.0,1.0,1.0,1.3818844503040677,0.0,4.7575411255076965
0.15,0.0,0.001,10.0,733.0,267.0,1.0,16.135628844380467,0.0,115.28896959387397
0.15,0.0,0.001,100.0,864.0,136.0,1.0,15.22424631551946,0.0,126.35830632703005
0.15,0.0,0.001,1000.0,975.0,25.0,1.0,17.373251588648383,0.0,98.96559867612899
0.15,1e-05,0.0003,10.0,669.0,331.0,1.0,45.05796994533128,0.0,560.5774278493199
0.15,1e-05,0.0003,100.0,762.0,238.0,1.0,48.67792870772085,0.0,511.9858973051293
0.15,1e-05,0.0003,1000.0,930.0,70.0,1.0,50.65091009716277,0.0,474.192428725363
0.15,1e-05,0.0001,10.0,658.0,342.0,0.9999877271538975,68.38756525215533,2.560612298486726e-08,596.6711058257251
0.15,1e-05,0.0001,100.0,704.0,296.0,0.9999931053502482,70.95069960184918,1.4023177583969031e-08,657.9289714086602
0.15,1e-05,0.0001,1000.0,851.0,149.0,0.9999869933926435,81.44098006674093,2.5037431569214667e-08,692.0465455605305
0.15,1e-05,0.003,10.0,956.0,44.0,1.0,3.91072890497882,0.0,14.895150118637513
0.15,1e-05,0.003,100.0,990.0,10.0,1.0,2.5456713161173674,0.0,6.015257229729782
0.15,1e-05,0.003,1000.0,1000.0,0.0,0.0,1.293463762903037,0.0,2.089811752978017
0.15,1e-05,0.001,10.0,732.0,268.0,1.0,15.177348957008194,0.0,128.2379153000009
0.15,1e-05,0.001,100.0,852.0,148.0,1.0,15.466421654141783,0.0,100.21296422234407
0.15,1e-05,0.001,1000.0,986.0,14.0,1.0,17.348086832420982,0.0,223.41632621909258
0.15,0.0001,0.0003,10.0,687.0,313.0,0.9997573619353083,43.56269536896646,2.6428254111342893e-06,524.6398614700627
0.15,0.0001,0.0003,100.0,749.0,251.0,0.9998555081006711,49.32640298329047,8.600250788108245e-07,706.5966738899982
0.15,0.0001,0.0003,1000.0,912.0,88.0,0.9998705645835858,64.95906184271304,7.364681801118597e-07,1417.1451501019076
0.15,0.0001,0.0001,10.0,666.0,334.0,0.9998484366517676,69.28572298529686,4.838269973682453e-07,623.362816454287
0.15,0.0001,0.0001,100.0,716.0,284.0,0.9998146349071895,69.71058191891116,6.963680252700678e-07,652.5225574490651
0.15,0.0001,0.0001,1000.0,848.0,152.0,0.9998444700149607,83.39810553387817,9.803809354723006e-07,700.8122642715756
0.15,0.0001,0.003,10.0,955.0,45.0,1.0,3.8688877375268147,0.0,14.253234278068826
0.15,0.0001,0.003,100.0,985.0,15.0,1.0,2.808196591111735,0.0,9.162781194191787
0.15,0.0001,0.003,1000.0,1000.0,0.0,0.0,1.7183702295515868,0.0,5.2495676765407735
0.15,0.0001,0.001,10.0,733.0,267.0,0.9996473563889295,16.439138450957852,8.689363904909622e-06,160.0345678032332
0.15,0.0001,0.001,100.0,869.0,131.0,1.0,15.50705795389647,0.0,147.41202668737117
0.15,0.0001,0.001,1000.0,970.0,30.0,1.0,17.625173091674792,0.0,330.1354722724222
0.15,0.001,0.0003,10.0,688.0,312.0,0.9978732615166137,44.4565205647789,2.1829224472833327e-05,627.5131675071121
0.15,0.001,0.0003,100.0,779.0,221.0,0.9983077946878708,47.628696870784175,1.7151933317984308e-05,692.4708966142651
0.15,0.001,0.0003,1000.0,825.0,175.0,0.9979386872751372,68.05834957323523,1.8252837106921173e-05,1292.4150674432497
0.15,0.001,0.0001,10.0,644.0,356.0,0.9977280975122689,69.35751810383218,1.0377713123510839e-05,702.8142223021666
0.15,0.001,0.0001,100.0,636.0,364.0,0.998300069382555,75.98136071919282,7.566449704024524e-06,949.4340047109946
0.15,0.001,0.0001,1000.0,625.0,375.0,0.9979147191674305,97.08965150270906,9.41954660054995e-06,1804.0577555370232
0.15,0.001,0.003,10.0,967.0,33.0,1.0,4.135335874520039,0.0,22.731174133792294
0.15,0.001,0.003,100.0,986.0,14.0,1.0,2.9589307830189293,0.0,15.299226650790821
0.15,0.001,0.003,1000.0,998.0,2.0,1.0,4.7391615239144,0.0,166.44202120831994
0.15,0.001,0.001,10.0,733.0,267.0,0.9972961892195973,16.095851216837477,0.0001323988546250057,117.93953547588801
0.15,0.001,0.001,100.0,844.0,156.0,0.9979564948933037,18.023247430079532,5.152539025454376e-05,281.05652137764866
0.15,0.001,0.001,1000.0,938.0,62.0,0.9973699774708463,28.34735751474741,0.00011144710616987834,676.513730539561
0.2,0.0,0.0003,10.0,513.0,487.0,1.0,35.26582289922473,0.0,170.2413941950844
0.2,0.0,0.0003,100.0,585.0,415.0,1.0,36.7606855473022,0.0,163.75068825913678
0.2,0.0,0.0003,1000.0,859.0,141.0,1.0,44.21686440390925,0.0,186.51081772879712
0.2,0.0,0.0001,10.0,495.0,505.0,1.0,46.92827808079411,0.0,208.16439536847273
0.2,0.0,0.0001,100.0,543.0,457.0,1.0,48.64789131700962,0.0,222.4002031346039
0.2,0.0,0.0001,1000.0,745.0,255.0,1.0,53.88755980688976,0.0,206.38142770672846
0.2,0.0,0.003,10.0,651.0,349.0,1.0,8.770804342885187,0.0,32.99419943813126
0.2,0.0,0.003,100.0,873.0,127.0,1.0,9.020896255394732,0.0,67.1975078161012
0.2,0.0,0.003,1000.0,978.0,22.0,1.0,9.516715361683417,0.0,62.075179525242184
0.2,0.0,0.001,10.0,545.0,455.0,1.0,21.990281162168028,0.0,148.01922783757507
0.2,0.0,0.001,100.0,723.0,277.0,1.0,24.71683120836531,0.0,170.78311667211628
0.2,0.0,0.001,1000.0,952.0,48.0,1.0,26.69269949107615,0.0,170.59179204943038
0.2,1e-05,0.0003,10.0,509.0,491.0,0.9999756981040299,34.8261058839184,1.1184841329501051e-07,166.10498293110908
0.2,1e-05,0.0003,100.0,594.0,406.0,0.999971691916056,37.56699820375409,1.1458877699500147e-07,189.51825276093467
0.2,1e-05,0.0003,1000.0,839.0,161.0,1.0,44.91412089693158,0.0,245.57105368818898
0.2,1e-05,0.0001,10.0,502.0,498.0,0.9999818895574659,46.31603922799022,2.5390382773191064e-08,183.2476427912709
0.2,1e-05,0.0001,100.0,573.0,427.0,0.9999908662870464,47.53333522698857,8.857351662064525e-09,173.26581654330397
0.2,1e-05,0.0001,1000.0,741.0,259.0,0.9999921150939015,53.05307424969199,7.990380342651723e-09,169.20188861521999
0.2,1e-05,0.003,10.0,632.0,368.0,1.0,9.160803445155251,0.0,48.929370207805945
0.2,1e-05,0.003,100.0,859.0,141.0,1.0,9.019488509176165,0.0,44.1001328385848
0.2,1e-05,0.003,1000.0,987.0,13.0,1.0,11.089002522171974,0.0,101.43338140061363
0.2,1e-05,0.001,10.0,558.0,442.0,0.9999780345297193,22.436080674586655,2.1277451113203303e-07,152.3290837916112
0.2,1e-05,0.001,100.0,735.0,265.0,1.0,25.195219833163318,0.0,152.89594890638736
0.2,1e-05,0.001,1000.0,948.0,52.0,1.0,29.641434793790232,0.0,188.4553010257343
0.2,0.0001,0.0003,10.0,523.0,477.0,0.9998061219663138,36.15747613979922,6.838103216808297e-07,184.74870502078923
0.2,0.0001,0.0003,100.0,606.0,394.0,0.9999072087900374,36.82791877700666,2.747580179015246e-07,210.34784046103758
0.2,0.0001,0.0003,1000.0,826.0,174.0,0.9998408305632421,47.197263836099275,9.343076342042779e-07,353.2272290970682
0.2,0.0001,0.0001,10.0,499.0,501.0,0.9998680997439438,46.595090125532984,1.813830210214219e-07,152.7453367706752
0.2,0.0001,0.0001,100.0,550.0,450.0,0.9998548864615815,47.848551874704995,2.3155264694885784e-07,183.8892242188462
0.2,0.0001,0.0001,1000.0,670.0,330.0,0.999829959617885,56.49235870968945,2.5307700740502663e-07,413.6854649324496
0.2,0.0001,0.003,10.0,628.0,372.0,0.9998655913978495,8.718194428624422,6.702364435194835e-06,39.23077732479541
0.2,0.0001,0.003,100.0,876.0,124.0,0.9996774193548388,8.826090936652013,1.2799167533818967e-05,49.70696852145102
0.2,0.0001,0.003,1000.0,985.0,15.0,1.0,12.822959741283206,0.0,250.47196636199996
0.2,0.0001,0.001,10.0,550.0,450.0,0.9998124033947943,23.13487603598909,1.964827632970433e-06,153.53428809041023
0.2,0.0001,0.001,100.0,704.0,296.0,0.9996865532991295,27.040230440142196,6.2298437817746e-06,298.6463785118968
0.2,0.0001,0.001,1000.0,939.0,61.0,1.0,30.308701289091616,0.0,196.29026715248182
0.2,0.001,0.0003,10.0,501.0,499.0,0.9982571288483041,34.98340147811644,8.310460763421043e-06,182.25763260905472
0.2,0.001,0.0003,100.0,570.0,430.0,0.9983058547016419,39.74329907817043,8.57579262695907e-06,359.1612867043021
0.2,0.001,0.0003,1000.0,699.0,301.0,0.9982637902569672,56.92421558037335,7.855236930270813e-06,1091.907029354952
0.2,0.001,0.0001,10.0,510.0,490.0,0.9983934554945593,46.44492333140925,2.5207782678696395e-06,153.73703519717446
0.2,0.001,0.0001,100.0,445.0,555.0,0.9983861412182914,50.7658709681357,2.6779753207422514e-06,407.507166904033
0.2,0.001,0.0001,1000.0,431.0,569.0,0.9984983177341342,65.25282414895639,2.195076779492913e-06,871.4582017917495
0.2,0.001,0.003,10.0,611.0,389.0,0.9974673120786836,9.393689369085557,0.0010569728892850358,48.68134772837774
0.2,0.001,0.003,100.0,867.0,133.0,0.9990685437572957,11.329115915814212,2.8172212047205153e-05,157.73733392079757
0.2,0.001,0.003,1000.0,965.0,35.0,1.0,15.755791066407463,0.0,263.2003353285115
0.2,0.001,0.001,10.0,525.0,475.0,0.9981440338650246,22.850602590133782,3.408389940749093e-05,149.20469549098638
0.2,0.001,0.001,100.0,693.0,307.0,0.9982145016854069,25.655394399981898,5.302245256934697e-05,231.35018698495998
0.2,0.001,0.001,1000.0,878.0,122.0,0.9981434013486095,38.66477764691716,2.7338847026144158e-05,568.6279353672767
0.25,0.0,0.0003,10.0,419.0,581.0,1.0,27.81953280505862,0.0,77.5484605406137
0.25,0.0,0.0003,100.0,503.0,497.0,1.0,29.161581343780824,0.0,72.51221950458385
0.25,0.0,0.0003,1000.0,760.0,240.0,1.0,33.88886731407124,0.0,85.9677700062877
0.25,0.0,0.0001,10.0,406.0,594.0,1.0,34.713039048830595,0.0,71.19461345293291
0.25,0.0,0.0001,100.0,448.0,552.0,1.0,35.55816419723406,0.0,67.47969214453155
0.25,0.0,0.0001,1000.0,627.0,373.0,1.0,40.005394062994014,0.0,94.75049854914704
0.25,0.0,0.003,10.0,504.0,496.0,1.0,11.116240325000657,0.0,42.51246289088222
0.25,0.0,0.003,100.0,790.0,210.0,1.0,12.439013720010607,0.0,60.61103691995044
0.25,0.0,0.003,1000.0,971.0,29.0,1.0,10.92028972000325,0.0,53.839879034495205
0.25,0.0,0.001,10.0,444.0,556.0,1.0,19.62710993916913,0.0,80.87634695056423
0.25,0.0,0.001,100.0,635.0,365.0,1.0,22.513561100188046,0.0,95.13948341208695
0.25,0.0,0.001,1000.0,903.0,97.0,1.0,23.9793411908022,0.0,81.31850151160666
0.25,1e-05,0.0003,10.0,438.0,562.0,0.9999931583301598,27.068175584424413,1.3127734403479628e-08,71.59545946441057
0.25,1e-05,0.0003,100.0,497.0,503.0,0.999976859950315,29.548144837157285,8.721811244182492e-08,82.10064827872868
0.25,1e-05,0.0003,1000.0,778.0,222.0,1.0,34.36016881520732,0.0,91.46290563086556
0.25,1e-05,0.0001,10.0,403.0,597.0,0.99998567843621,34.36621664527744,1.4899996487245518e-08,66.24912677092715
0.25,1e-05,0.0001,100.0,463.0,537.0,0.9999766203784491,35.90285285956984,2.609354834096843e-08,85.87149066762527
0.25,1e-05,0.0001,1000.0,598.0,402.0,0.999981406686175,40.82646055858594,1.9539121982833226e-08,96.9369461263487
0.25,1e-05,0.003,10.0,511.0,489.0,1.0,10.801991689560333,0.0,47.28385598764096
0.25,1e-05,0.003,100.0,800.0,200.0,1.0,12.701813040425431,0.0,64.93708087490785
0.25,1e-05,0.003,1000.0,970.0,30.0,1.0,15.379196377392361,0.0,70.33774797843795
0.25,1e-05,0.001,10.0,486.0,514.0,1.0,19.54975145712934,0.0,79.27371576895216
0.25,1e-05,0.001,100.0,615.0,385.0,1.0,22.15716757444485,0.0,90.76415666981856
0.25,1e-05,0.001,1000.0,933.0,67.0,1.0,27.260822820910413,0.0,90.83752000825133
0.25,0.0001,0.0003,10.0,391.0,609.0,0.9999199484613499,27.818208092333,2.436232526362523e-07,70.05376845533307
0.25,0.0001,0.0003,100.0,517.0,483.0,0.9997901665194389,29.402702845820432,5.463125371425889e-07,89.58648453959995
0.25,0.0001,0.0003,1000.0,744.0,256.0,0.9999216428977785,37.14031569087146,1.5167863939740311e-07,219.09585915877778
0.25,0.0001,0.0001,10.0,391.0,609.0,0.9998629842568382,34.85628443772027,1.4105141407723395e-07,76.87185175316449
0.25,0.0001,0.0001,100.0,426.0,574.0,0.999862366122433,35.44367605223956,1.3073431941974684e-07,80.77082067295056
0.25,0.0001,0.0001,1000.0,588.0,412.0,0.9998716325099811,41.137916070404,1.1314613584759992e-07,195.2759217955969
0.25,0.0001,0.003,10.0,512.0,488.0,1.0,11.37897965681612,0.0,52.064767246982115
0.25,0.0001,0.003,100.0,802.0,198.0,0.99989898989899,12.359964780822125,2.0099989796959532e-06,58.05702981543747
0.25,0.0001,0.003,1000.0,960.0,40.0,1.0,16.03215386937619,0.0,464.4046547192682
0.25,0.0001,0.001,10.0,440.0,560.0,0.9998480715557762,19.870376803974036,1.8841846282507298e-06,76.61777101027947
0.25,0.0001,0.001,100.0,638.0,362.0,0.9997201067668845,23.04700239981952,2.9939970860698034e-06,124.16951497574522
0.25,0.0001,0.001,1000.0,915.0,85.0,1.0,26.41826738219899,0.0,108.59717897017524
0.25,0.001,0.0003,10.0,416.0,584.0,0.9985267089504969,28.003279992940573,3.954581035083651e-06,121.88293863658272
0.25,0.001,0.0003,100.0,440.0,560.0,0.9985858357019158,32.36096187896121,3.846801020302661e-06,315.4710996435735
0.25,0.001,0.0003,1000.0,606.0,394.0,0.9983388202738323,41.84661187532542,5.143789057033477e-06,447.47043003633826
0.25,0.001,0.0001,10.0,370.0,630.0,0.9985650334076249,35.00783977673223,1.3308144637395894e-06,165.31523230603202
0.25,0.001,0.0001,100.0,372.0,628.0,0.9985816174928124,38.299838396464956,1.3650378124604626e-06,311.92408174811766
0.25,0.001,0.0001,1000.0,326.0,674.0,0.9985697148621719,47.20868760435827,1.2791753686566494e-06,528.7285721142308
0.25,0.001,0.003,10.0,512.0,488.0,0.9984679120400716,11.927279987656295,4.3116264250606475e-05,60.46367047618404
0.25,0.001,0.003,100.0,767.0,233.0,0.9975376222589709,15.066453805600457,6.019584279404191e-05,169.2376466006584
0.25,0.001,0.003,1000.0,954.0,46.0,0.9990168787557441,20.866609782548718,2.140111991035888e-05,375.0382785427051
0.25,0.001,0.001,10.0,426.0,574.0,0.9986522541733392,19.27045989863193,1.827489335226583e-05,71.30683841978264
0.25,0.001,0.001,100.0,598.0,402.0,0.9984532569067054,23.846884159829923,1.9163488205295705e-05,185.3095028739223
0.25,0.001,0.001,1000.0,826.0,174.0,0.998791472310946,33.65206352643995,9.870984166588313e-06,375.5743227900493
0.3,0.0,0.0003,10.0,331.0,669.0,1.0,22.69318361893476,0.0,44.3716043259604
0.3,0.0,0.0003,100.0,409.0,591.0,1.0,23.83828741581174,0.0,45.34050409228994
0.3,0.0,0.0003,1000.0,740.0,260.0,1.0,26.750185075852848,0.0,47.482821474802904
0.3,0.0,0.0001,10.0,309.0,691.0,1.0,28.13057918730433,0.0,40.95976817767727
0.3,0.0,0.0001,100.0,373.0,627.0,1.0,28.375047754753407,0.0,42.057817118781465
0.3,0.0,0.0001,1000.0,543.0,457.0,1.0,31.52925883715979,0.0,39.69740447526156
0.3,0.0,0.003,10.0,395.0,605.0,1.0,10.654357558685996,0.0,39.286788544255636
0.3,0.0,0.003,100.0,711.0,289.0,1.0,11.361406199138747,0.0,42.4650625118016
0.3,0.0,0.003,1000.0,953.0,47.0,1.0,15.043825238813268,0.0,86.72430248648547
0.3,0.0,0.001,10.0,371.0,629.0,1.0,16.895672415851788,0.0,45.73426718076787
0.3,0.0,0.001,100.0,551.0,449.0,1.0,18.846327108089138,0.0,61.04276415469792
0.3,0.0,0.001,1000.0,870.0,130.0,1.0,22.92876858024001,0.0,58.67852865079963
0.3,1e-05,0.0003,10.0,344.0,656.0,0.9999887431857781,22.729449588795504,2.2497886907665608e-08,38.20803481885631
0.3,1e-05,0.0003,100.0,423.0,577.0,0.9999811446638416,23.432509172096804,4.5401021538538685e-08,48.74945460454357
0.3,1e-05,0.0003,1000.0,714.0,286.0,0.9999946780768699,27.49541815920614,8.072016753896544e-09,54.638261531366425
0.3,1e-05,0.0001,10.0,350.0,650.0,0.9999774000201055,27.404655874538726,1.8394294116241915e-08,41.620986731146274
0.3,1e-05,0.0001,100.0,364.0,636.0,0.999987300622807,28.45536074516214,7.888543173955413e-09,40.02168636365378
0.3,1e-05,0.0001,1000.0,538.0,462.0,0.9999836726902261,31.532000687522494,1.0088263333474656e-08,49.11139315031665
0.3,1e-05,0.003,10.0,441.0,559.0,1.0,10.1943530575711,0.0,33.32259506040275
0.3,1e-05,0.003,100.0,716.0,284.0,1.0,11.132418825890047,0.0,44.3108500403805
0.3,1e-05,0.003,1000.0,956.0,44.0,1.0,14.193429385989486,0.0,65.56679674436653
0.3,1e-05,0.001,10.0,366.0,634.0,0.9999906113865104,16.28827309565327,5.579645804126622e-08,43.29084691040324
0.3,1e-05,0.001,100.0,523.0,477.0,0.9999702326884276,19.036778807784,2.3602473657743763e-07,55.27845550992844
0.3,1e-05,0.001,1000.0,898.0,102.0,1.0,21.244471608933015,0.0,48.59537646207529
0.3,0.0001,0.0003,10.0,353.0,647.0,0.9998874548809782,22.721486291198843,2.0353220547164415e-07,44.096919121621035
0.3,0.0001,0.0003,100.0,397.0,603.0,0.9998720184897528,24.31018075627317,2.3048538181588378e-07,88.08181450647062
0.3,0.0001,0.0003,1000.0,691.0,309.0,0.9998666554031141,29.431152453720294,2.462580548083137e-07,117.7649995294363
0.3,0.0001,0.0001,10.0,327.0,673.0,0.9998589777473479,27.957160852377417,9.954127478258791e-08,40.509657824768425
0.3,0.0001,0.0001,100.0,362.0,638.0,0.9998715591830711,29.25108560341891,9.962826540141126e-08,96.30031561664389
0.3,0.0001,0.0001,1000.0,502.0,498.0,0.9998667365400691,33.194369381170546,8.537448410175275e-08,138.2478394915285
0.3,0.0001,0.003,10.0,416.0,584.0,0.9997028998996678,10.65173850677979,8.039816735893178e-06,37.302938177941705
0.3,0.0001,0.003,100.0,730.0,270.0,0.9998709315375983,12.323322500374461,2.2365127771038795e-06,56.171709763972935
0.3,0.0001,0.003,1000.0,955.0,45.0,1.0,15.679735437462119,0.0,39.40926567020229
0.3,0.0001,0.001,10.0,351.0,649.0,0.99984313037159,16.481413929781908,1.1091990379920133e-06,34.7974178062135
0.3,0.0001,0.001,100.0,554.0,446.0,0.9998527092245115,19.256428266813767,1.0697118345967807e-06,64.82881588041796
0.3,0.0001,0.001,1000.0,870.0,130.0,0.9999603489294211,23.08961761197393,2.0281475434888145e-07,103.10220956132801
0.3,0.001,0.0003,10.0,354.0,646.0,0.9986330152534038,22.688608167979016,2.882302994188381e-06,49.07352874307826
0.3,0.001,0.0003,100.0,373.0,627.0,0.9986263653995945,25.74997142922573,2.728187629988436e-06,154.42630801953382
0.3,0.001,0.0003,1000.0,516.0,484.0,0.9986742032929777,37.06807004578563,2.8814937071914316e-06,573.9962656297834
0.3,0.001,0.0001,10.0,344.0,656.0,0.9986781646848273,28.83284665962858,8.639044807814566e-07,63.24125983049384
0.3,0.001,0.0001,100.0,311.0,689.0,0.9986284519224173,31.309456629939806,9.381293146292511e-07,260.3145506945433
0.3,0.001,0.0001,1000.0,278.0,722.0,0.9986728862054418,39.35784139265191,9.466790848721769e-07,545.5752714568828
0.3,0.001,0.003,10.0,406.0,594.0,0.9986256418180767,10.287836729784052,2.59417873151673e-05,36.24106861352806
0.3,0.001,0.003,100.0,707.0,293.0,0.9991552455067243,12.809436439993524,1.7041207778302777e-05,85.76279416493378
0.3,0.001,0.003,1000.0,917.0,83.0,0.9992881309471819,20.98298183338173,1.509144581968893e-05,308.7795014159049
0.3,0.001,0.001,10.0,379.0,621.0,0.9984944287880861,16.944155988853563,1.0072262933117319e-05,52.12644936773699
0.3,0.001,0.001,100.0,494.0,506.0,0.998617936346681,19.951824052148346,1.0993658415788561e-05,100.1901067614847
0.3,0.001,0.001,1000.0,792.0,208.0,0.9982242151179069,30.02361713206256,1.2341712003713588e-05,410.4816001928019
